bench,sample_id,task_type,score,layout_score,content_score,style_score,asset_score,confidence,one_sentence_reason,reference_images,generated_image,html_path
design2code,256,static_generation,96.0,100.0,98.0,95.0,100.0,high,整体还原度极高，仅存在细微字体粗细与副标题颜色偏差，不影响视觉一致性。,experiments\random10_bench_smoke\mimo_random10_20260604\design2code\inputs\images\256_0.png,experiments\random10_bench_smoke\mimo_random10_20260604\design2code\rendered_fixed\256.png,experiments\random10_bench_smoke\mimo_random10_20260604\design2code\html\256.html
design2code,378,static_generation,88.0,92.0,95.0,80.0,85.0,high,整体布局与内容高度还原，但左侧导航栏背景色和顶部 header 背景缺失导致视觉风格偏差，属明显样式失真。,experiments\random10_bench_smoke\mimo_random10_20260604\design2code\inputs\images\378_0.png,experiments\random10_bench_smoke\mimo_random10_20260604\design2code\rendered_fixed\378.png,experiments\random10_bench_smoke\mimo_random10_20260604\design2code\html\378.html
design2code,335,static_generation,94.0,98.0,100.0,92.0,100.0,high,整体还原度极高，仅存在细微的样式差异（如导航高亮色深浅、标题字号与缩进），无内容或布局错误。,experiments\random10_bench_smoke\mimo_random10_20260604\design2code\inputs\images\335_0.png,experiments\random10_bench_smoke\mimo_random10_20260604\design2code\rendered_fixed\335.png,experiments\random10_bench_smoke\mimo_random10_20260604\design2code\html\335.html
design2code,416,static_generation,94.0,96.0,98.0,90.0,100.0,high,整体还原度极高，仅存在极细微的间距与面包屑分隔符细节差异，无内容或结构偏差。,experiments\random10_bench_smoke\mimo_random10_20260604\design2code\inputs\images\416_0.png,experiments\random10_bench_smoke\mimo_random10_20260604\design2code\rendered_fixed\416.png,experiments\random10_bench_smoke\mimo_random10_20260604\design2code\html\416.html
design2code,278,static_generation,88.0,95.0,98.0,80.0,100.0,high,整体布局、内容与结构高度还原，但关键标签的颜色、边框样式及部分UI细节存在可感知的视觉偏差。,experiments\random10_bench_smoke\mimo_random10_20260604\design2code\inputs\images\278_0.png,experiments\random10_bench_smoke\mimo_random10_20260604\design2code\rendered_fixed\278.png,experiments\random10_bench_smoke\mimo_random10_20260604\design2code\html\278.html
design2code,332,static_generation,96.0,100.0,100.0,95.0,90.0,high,整体还原度极高，仅存在微小间距偏差与页脚链接颜色未完全匹配,experiments\random10_bench_smoke\mimo_random10_20260604\design2code\inputs\images\332_0.png,experiments\random10_bench_smoke\mimo_random10_20260604\design2code\rendered_fixed\332.png,experiments\random10_bench_smoke\mimo_random10_20260604\design2code\html\332.html
design2code,193,static_generation,96.0,100.0,98.0,95.0,100.0,high,整体视觉还原极佳，仅存在细微的代码块提示符颜色、链接下划线及段落缩进等非关键样式偏差。,experiments\random10_bench_smoke\mimo_random10_20260604\design2code\inputs\images\193_0.png,experiments\random10_bench_smoke\mimo_random10_20260604\design2code\rendered_fixed\193.png,experiments\random10_bench_smoke\mimo_random10_20260604\design2code\html\193.html
design2code,105,static_generation,94.0,96.0,98.0,90.0,95.0,high,整体还原度极高，仅在标签颜色、链接样式及细微排版上存在可察觉但不影响功能的偏差。,experiments\random10_bench_smoke\mimo_random10_20260604\design2code\inputs\images\105_0.png,experiments\random10_bench_smoke\mimo_random10_20260604\design2code\rendered_fixed\105.png,experiments\random10_bench_smoke\mimo_random10_20260604\design2code\html\105.html
design2code,229,static_generation,88.0,92.0,95.0,80.0,70.0,high,整体布局与内容高度还原，但关键CTA按钮颜色、分享组件样式及部分文本颜色存在明显风格偏差。,experiments\random10_bench_smoke\mimo_random10_20260604\design2code\inputs\images\229_0.png,experiments\random10_bench_smoke\mimo_random10_20260604\design2code\rendered_fixed\229.png,experiments\random10_bench_smoke\mimo_random10_20260604\design2code\html\229.html
design2code,125,static_generation,95.0,100.0,100.0,90.0,100.0,high,整体布局、内容与结构高度一致，仅蓝色区块宽度和导航栏字间距存在细微偏差。,experiments\random10_bench_smoke\mimo_random10_20260604\design2code\inputs\images\125_0.png,experiments\random10_bench_smoke\mimo_random10_20260604\design2code\rendered_fixed\125.png,experiments\random10_bench_smoke\mimo_random10_20260604\design2code\html\125.html
flame,38,react_generation,85.0,90.0,80.0,85.0,100.0,high,核心布局与组件结构高度还原，但关键动态内容（更新时间）缺失导致语义不完整。,experiments\random10_bench_smoke\mimo_random10_20260604\flame\inputs\images\38_0.png,experiments\random10_bench_smoke\mimo_random10_20260604\flame\rendered_fixed\38.png,experiments\random10_bench_smoke\mimo_random10_20260604\flame\html\38.html
flame,17,react_generation,88.0,92.0,100.0,85.0,100.0,high,表单容器背景色和输入框边框颜色与参考图存在明显偏差，影响整体视觉一致性，但布局、内容与结构高度还原。,experiments\random10_bench_smoke\mimo_random10_20260604\flame\inputs\images\17_0.png,experiments\random10_bench_smoke\mimo_random10_20260604\flame\rendered_fixed\17.png,experiments\random10_bench_smoke\mimo_random10_20260604\flame\html\17.html
flame,42,react_generation,92.0,95.0,100.0,90.0,100.0,high,整体还原度极高，仅存在细微的边框颜色、按钮圆角与字体粗细偏差，不影响功能与视觉一致性。,experiments\random10_bench_smoke\mimo_random10_20260604\flame\inputs\images\42_0.png,experiments\random10_bench_smoke\mimo_random10_20260604\flame\rendered_fixed\42.png,experiments\random10_bench_smoke\mimo_random10_20260604\flame\html\42.html
flame,51,react_generation,88.0,92.0,100.0,85.0,100.0,high,布局结构与内容完全正确，但右侧按钮垂直对齐方式错误导致视觉节奏断裂，且分隔线与背景色存在轻微色差。,experiments\random10_bench_smoke\mimo_random10_20260604\flame\inputs\images\51_0.png,experiments\random10_bench_smoke\mimo_random10_20260604\flame\rendered_fixed\51.png,experiments\random10_bench_smoke\mimo_random10_20260604\flame\html\51.html
flame,66,react_generation,94.0,98.0,100.0,92.0,100.0,high,整体还原高度精准，仅存在细微的线条颜色、文字对齐与背景色差，不影响功能与可读性。,experiments\random10_bench_smoke\mimo_random10_20260604\flame\inputs\images\66_0.png,experiments\random10_bench_smoke\mimo_random10_20260604\flame\rendered_fixed\66.png,experiments\random10_bench_smoke\mimo_random10_20260604\flame\html\66.html
flame,31,react_generation,94.0,100.0,100.0,92.0,100.0,high,整体还原度极高，仅存在细微的边框粗细与按钮文字色差等非关键样式偏差。,experiments\random10_bench_smoke\mimo_random10_20260604\flame\inputs\images\31_0.png,experiments\random10_bench_smoke\mimo_random10_20260604\flame\rendered_fixed\31.png,experiments\random10_bench_smoke\mimo_random10_20260604\flame\html\31.html
flame,33,react_generation,92.0,100.0,100.0,90.0,100.0,high,整体布局、内容与结构高度一致，仅日期格式占位符和按钮圆角存在细微样式差异。,experiments\random10_bench_smoke\mimo_random10_20260604\flame\inputs\images\33_0.png,experiments\random10_bench_smoke\mimo_random10_20260604\flame\rendered_fixed\33.png,experiments\random10_bench_smoke\mimo_random10_20260604\flame\html\33.html
flame,50,react_generation,98.0,100.0,100.0,95.0,100.0,high,视觉还原高度一致，仅存在极细微的按钮样式与垂直对齐偏差，不影响整体识别与功能呈现。,experiments\random10_bench_smoke\mimo_random10_20260604\flame\inputs\images\50_0.png,experiments\random10_bench_smoke\mimo_random10_20260604\flame\rendered_fixed\50.png,experiments\random10_bench_smoke\mimo_random10_20260604\flame\html\50.html
flame,61,react_generation,96.0,100.0,100.0,95.0,100.0,high,视觉还原高度一致，仅存在极细微的字体颜色与按钮边框宽度差异，不影响整体识别与功能呈现。,experiments\random10_bench_smoke\mimo_random10_20260604\flame\inputs\images\61_0.png,experiments\random10_bench_smoke\mimo_random10_20260604\flame\rendered_fixed\61.png,experiments\random10_bench_smoke\mimo_random10_20260604\flame\html\61.html
flame,74,react_generation,88.0,95.0,92.0,85.0,100.0,high,任务状态文本格式错误（应为‘Input Data - Pending’单行，实际分两行显示），导致内容语义不一致，但整体布局与结构高度还原。,experiments\random10_bench_smoke\mimo_random10_20260604\flame\inputs\images\74_0.png,experiments\random10_bench_smoke\mimo_random10_20260604\flame\rendered_fixed\74.png,experiments\random10_bench_smoke\mimo_random10_20260604\flame\html\74.html
fullfront,Interaction_Authoring_59_click_6_6,Interaction_Authoring,78.0,85.0,95.0,70.0,60.0,high,核心内容与布局还原良好，但主图资产严重失真且品牌 logo 颜色错误，导致视觉可信度显著下降。,experiments\random10_bench_smoke\mimo_random10_20260604\fullfront\inputs\images\Interaction_Authoring_59_click_6_6_0.png;experiments\random10_bench_smoke\mimo_random10_20260604\fullfront\inputs\images\Interaction_Authoring_59_click_6_6_1.png,experiments\random10_bench_smoke\mimo_random10_20260604\fullfront\rendered_fixed\Interaction_Authoring_59_click_6_6.png,experiments\random10_bench_smoke\mimo_random10_20260604\fullfront\html\Interaction_Authoring_59_click_6_6.html
fullfront,Interaction_Authoring_69_hover_1_5,Interaction_Authoring,88.0,92.0,95.0,85.0,80.0,high,整体布局、文本内容和结构高度还原，但图片被错误添加了渐变遮罩层，且 Logo 颜色存在偏差，影响视觉一致性。,experiments\random10_bench_smoke\mimo_random10_20260604\fullfront\inputs\images\Interaction_Authoring_69_hover_1_5_0.png;experiments\random10_bench_smoke\mimo_random10_20260604\fullfront\inputs\images\Interaction_Authoring_69_hover_1_5_1.png,experiments\random10_bench_smoke\mimo_random10_20260604\fullfront\rendered_fixed\Interaction_Authoring_69_hover_1_5.png,experiments\random10_bench_smoke\mimo_random10_20260604\fullfront\html\Interaction_Authoring_69_hover_1_5.html
fullfront,Interaction_Authoring_72_hover_2_14,Interaction_Authoring,96.0,100.0,100.0,95.0,95.0,high,静态页面视觉还原高度精准，仅存在极细微的颜色与对齐偏差，无布局或内容缺失。,experiments\random10_bench_smoke\mimo_random10_20260604\fullfront\inputs\images\Interaction_Authoring_72_hover_2_14_0.png;experiments\random10_bench_smoke\mimo_random10_20260604\fullfront\inputs\images\Interaction_Authoring_72_hover_2_14_1.png,experiments\random10_bench_smoke\mimo_random10_20260604\fullfront\rendered_fixed\Interaction_Authoring_72_hover_2_14.png,experiments\random10_bench_smoke\mimo_random10_20260604\fullfront\html\Interaction_Authoring_72_hover_2_14.html
fullfront,Text_to_code_14_new-img-code_127,Text_to_code,82.0,90.0,95.0,70.0,65.0,high,核心布局与文本内容高度还原，但背景图像、品牌Logo及关键事实图标等视觉资产严重失真，导致整体风格偏离原设计。,experiments\random10_bench_smoke\mimo_random10_20260604\fullfront\inputs\images\Text_to_code_14_new-img-code_127_0.png,experiments\random10_bench_smoke\mimo_random10_20260604\fullfront\rendered_fixed\Text_to_code_14_new-img-code_127.png,experiments\random10_bench_smoke\mimo_random10_20260604\fullfront\html\Text_to_code_14_new-img-code_127.html
fullfront,Interaction_Authoring_62_hover_1_13,Interaction_Authoring,96.0,100.0,100.0,95.0,100.0,high,静态页面视觉还原高度精准，仅存在极细微的排版与间距偏差，无功能或结构缺失。,experiments\random10_bench_smoke\mimo_random10_20260604\fullfront\inputs\images\Interaction_Authoring_62_hover_1_13_0.png;experiments\random10_bench_smoke\mimo_random10_20260604\fullfront\inputs\images\Interaction_Authoring_62_hover_1_13_1.png,experiments\random10_bench_smoke\mimo_random10_20260604\fullfront\rendered_fixed\Interaction_Authoring_62_hover_1_13.png,experiments\random10_bench_smoke\mimo_random10_20260604\fullfront\html\Interaction_Authoring_62_hover_1_13.html
fullfront,Interaction_Authoring_82_hover_3_15,Interaction_Authoring,96.0,100.0,100.0,95.0,90.0,high,静态页面结构、文本内容、布局和主要样式高度一致，仅存在图标颜色与导航文字粗细等极细微视觉偏差。,experiments\random10_bench_smoke\mimo_random10_20260604\fullfront\inputs\images\Interaction_Authoring_82_hover_3_15_0.png;experiments\random10_bench_smoke\mimo_random10_20260604\fullfront\inputs\images\Interaction_Authoring_82_hover_3_15_1.png,experiments\random10_bench_smoke\mimo_random10_20260604\fullfront\rendered_fixed\Interaction_Authoring_82_hover_3_15.png,experiments\random10_bench_smoke\mimo_random10_20260604\fullfront\html\Interaction_Authoring_82_hover_3_15.html
fullfront,Image_to_code_79_new-img-code_173,Image_to_code,86.0,92.0,95.0,78.0,75.0,high,核心布局与文本内容高度还原，但关键图片资产被替换或占位，且部分颜色/间距细节偏离参考设计。,experiments\random10_bench_smoke\mimo_random10_20260604\fullfront\inputs\images\Image_to_code_79_new-img-code_173_0.png,experiments\random10_bench_smoke\mimo_random10_20260604\fullfront\rendered_fixed\Image_to_code_79_new-img-code_173.png,experiments\random10_bench_smoke\mimo_random10_20260604\fullfront\html\Image_to_code_79_new-img-code_173.html
fullfront,Interaction_Authoring_9_click_1_55,Interaction_Authoring,96.0,100.0,98.0,95.0,94.0,high,静态页面视觉还原高度精准，仅存在极细微的色彩饱和度、图标间距与字体粗细偏差，不影响整体一致性。,experiments\random10_bench_smoke\mimo_random10_20260604\fullfront\inputs\images\Interaction_Authoring_9_click_1_55_0.png;experiments\random10_bench_smoke\mimo_random10_20260604\fullfront\inputs\images\Interaction_Authoring_9_click_1_55_1.png,experiments\random10_bench_smoke\mimo_random10_20260604\fullfront\rendered_fixed\Interaction_Authoring_9_click_1_55.png,experiments\random10_bench_smoke\mimo_random10_20260604\fullfront\html\Interaction_Authoring_9_click_1_55.html
fullfront,Image_to_code_175_new-img-code_521,Image_to_code,82.0,90.0,95.0,70.0,65.0,high,核心布局与内容高度还原，但关键产品图片（Premiere Pro）、主标题配色及部分图标资产存在明显偏差，影响整体视觉一致性。,experiments\random10_bench_smoke\mimo_random10_20260604\fullfront\inputs\images\Image_to_code_175_new-img-code_521_0.png,experiments\random10_bench_smoke\mimo_random10_20260604\fullfront\rendered_fixed\Image_to_code_175_new-img-code_521.png,experiments\random10_bench_smoke\mimo_random10_20260604\fullfront\html\Image_to_code_175_new-img-code_521.html
fullfront,Image_to_code_70_new-img-code_165,Image_to_code,86.0,92.0,90.0,80.0,85.0,high,整体结构与内容高度还原，但关键交互元素（按钮样式、标签颜色、导航图标间距）和视觉细节（字体换行、引号装饰、购物车面板）存在明显偏差，影响品牌一致性。,experiments\random10_bench_smoke\mimo_random10_20260604\fullfront\inputs\images\Image_to_code_70_new-img-code_165_0.png,experiments\random10_bench_smoke\mimo_random10_20260604\fullfront\rendered_fixed\Image_to_code_70_new-img-code_165.png,experiments\random10_bench_smoke\mimo_random10_20260604\fullfront\html\Image_to_code_70_new-img-code_165.html
ui2code_real,39,real_static_generation,88.0,92.0,95.0,82.0,78.0,high,整体布局与内容高度还原，但关键资产（书籍封面图）缺失且左侧导航高亮状态错误，导致视觉一致性受损。,experiments\random10_bench_smoke\mimo_random10_20260604\ui2code_real\inputs\images\39_0.png,experiments\random10_bench_smoke\mimo_random10_20260604\ui2code_real\rendered_fixed\39.png,experiments\random10_bench_smoke\mimo_random10_20260604\ui2code_real\html\39.html
ui2code_real,35,real_static_generation,78.0,82.0,90.0,70.0,65.0,high,核心图文内容基本保留，但关键视觉资产（主图、横幅图标、推广按钮）严重失真，导致整体还原度下降。,experiments\random10_bench_smoke\mimo_random10_20260604\ui2code_real\inputs\images\35_0.png,experiments\random10_bench_smoke\mimo_random10_20260604\ui2code_real\rendered_fixed\35.png,experiments\random10_bench_smoke\mimo_random10_20260604\ui2code_real\html\35.html
ui2code_real,103,real_static_generation,62.0,70.0,85.0,40.0,20.0,high,核心问题在于所有产品图片被替换成无意义的彩色图标，严重破坏商品展示功能，且关键文本与价格排版存在多处错位和截断。,experiments\random10_bench_smoke\mimo_random10_20260604\ui2code_real\inputs\images\103_0.png,experiments\random10_bench_smoke\mimo_random10_20260604\ui2code_real\rendered_fixed\103.png,experiments\random10_bench_smoke\mimo_random10_20260604\ui2code_real\html\103.html
ui2code_real,19,real_static_generation,68.0,75.0,80.0,55.0,40.0,high,关键视觉资产（所有游戏截图和横幅图）被纯色占位符替代，导致整体视觉密度与真实页面严重偏离，虽布局结构基本正确但失真度高。,experiments\random10_bench_smoke\mimo_random10_20260604\ui2code_real\inputs\images\19_0.png,experiments\random10_bench_smoke\mimo_random10_20260604\ui2code_real\rendered_fixed\19.png,experiments\random10_bench_smoke\mimo_random10_20260604\ui2code_real\html\19.html
ui2code_real,64,real_static_generation,85.0,90.0,95.0,75.0,70.0,high,整体布局与内容高度还原，但顶部导航背景、赞助商区块视觉样式及底部Logo呈现存在明显偏差，影响品牌一致性。,experiments\random10_bench_smoke\mimo_random10_20260604\ui2code_real\inputs\images\64_0.png,experiments\random10_bench_smoke\mimo_random10_20260604\ui2code_real\rendered_fixed\64.png,experiments\random10_bench_smoke\mimo_random10_20260604\ui2code_real\html\64.html
ui2code_real,99,real_static_generation,94.0,98.0,96.0,90.0,95.0,high,整体还原度极高，仅表头颜色、按钮边框色及少量间距存在细微视觉偏差，不影响功能与结构识别。,experiments\random10_bench_smoke\mimo_random10_20260604\ui2code_real\inputs\images\99_0.png,experiments\random10_bench_smoke\mimo_random10_20260604\ui2code_real\rendered_fixed\99.png,experiments\random10_bench_smoke\mimo_random10_20260604\ui2code_real\html\99.html
ui2code_real,25,real_static_generation,42.0,50.0,85.0,20.0,10.0,high,核心图片资产全部被抽象色块替代，导致页面视觉密度和真实感严重缺失，仅文本结构基本保留。,experiments\random10_bench_smoke\mimo_random10_20260604\ui2code_real\inputs\images\25_0.png,experiments\random10_bench_smoke\mimo_random10_20260604\ui2code_real\rendered_fixed\25.png,experiments\random10_bench_smoke\mimo_random10_20260604\ui2code_real\html\25.html
ui2code_real,55,real_static_generation,68.0,70.0,85.0,55.0,40.0,high,背景与核心资产（游戏封面、视频控件）严重失真，导致整体视觉风格与参考图偏离巨大，尽管布局和文本内容基本正确。,experiments\random10_bench_smoke\mimo_random10_20260604\ui2code_real\inputs\images\55_0.png,experiments\random10_bench_smoke\mimo_random10_20260604\ui2code_real\rendered_fixed\55.png,experiments\random10_bench_smoke\mimo_random10_20260604\ui2code_real\html\55.html
ui2code_real,104,real_static_generation,88.0,92.0,95.0,80.0,75.0,high,整体布局与内容高度还原，但课程卡片使用纯色背景替代了原图中的真实图片，且右侧信息卡样式（边框、阴影、圆角）存在明显视觉偏差。,experiments\random10_bench_smoke\mimo_random10_20260604\ui2code_real\inputs\images\104_0.png,experiments\random10_bench_smoke\mimo_random10_20260604\ui2code_real\rendered_fixed\104.png,experiments\random10_bench_smoke\mimo_random10_20260604\ui2code_real\html\104.html
ui2code_real,0,real_static_generation,86.0,92.0,95.0,78.0,80.0,high,整体布局与内容高度还原，但顶部导航样式、标签颜色及‘Read More’按钮图标对齐等关键视觉细节存在明显偏差，影响品牌一致性。,experiments\random10_bench_smoke\mimo_random10_20260604\ui2code_real\inputs\images\0_0.png,experiments\random10_bench_smoke\mimo_random10_20260604\ui2code_real\rendered_fixed\0.png,experiments\random10_bench_smoke\mimo_random10_20260604\ui2code_real\html\0.html
uipolish_real,44,repair_direct_incomplete,86.0,90.0,95.0,80.0,75.0,high,核心布局与内容高度还原，但三张卡片缺少背景色块、应用下载图标失真，导致视觉风格偏离原设计。,experiments\random10_bench_smoke\mimo_random10_20260604\uipolish_real\inputs\images\44_0.png,experiments\random10_bench_smoke\mimo_random10_20260604\uipolish_real\rendered_fixed\44.png,experiments\random10_bench_smoke\mimo_random10_20260604\uipolish_real\html\44.html
uipolish_real,26,repair_direct_incomplete,88.0,95.0,92.0,80.0,85.0,high,整体布局与内容高度还原，但关键视觉元素（如项目前缀图标类型、颜色）错误且部分描述文本未严格匹配参考图。,experiments\random10_bench_smoke\mimo_random10_20260604\uipolish_real\inputs\images\26_0.png,experiments\random10_bench_smoke\mimo_random10_20260604\uipolish_real\rendered_fixed\26.png,experiments\random10_bench_smoke\mimo_random10_20260604\uipolish_real\html\26.html
uipolish_real,1,repair_direct_incomplete,78.0,85.0,90.0,70.0,40.0,high,核心内容与布局还原良好，但关键图片缺失、Logo 错误及资产样式偏差导致视觉一致性显著下降。,experiments\random10_bench_smoke\mimo_random10_20260604\uipolish_real\inputs\images\1_0.png,experiments\random10_bench_smoke\mimo_random10_20260604\uipolish_real\rendered_fixed\1.png,experiments\random10_bench_smoke\mimo_random10_20260604\uipolish_real\html\1.html
uipolish_real,45,repair_direct_incomplete,78.0,85.0,82.0,70.0,65.0,high,核心内容结构与文本还原良好，但关键视觉资产（图片、背景、Logo）严重缺失或错误，显著降低真实感与专业度。,experiments\random10_bench_smoke\mimo_random10_20260604\uipolish_real\inputs\images\45_0.png,experiments\random10_bench_smoke\mimo_random10_20260604\uipolish_real\rendered_fixed\45.png,experiments\random10_bench_smoke\mimo_random10_20260604\uipolish_real\html\45.html
uipolish_real,67,repair_direct_incomplete,78.0,85.0,92.0,65.0,50.0,high,核心插图与底部产品图被替换成风格迥异的抽象占位元素，导致视觉识别度大幅下降，虽文本与布局基本正确，但关键资产还原失败。,experiments\random10_bench_smoke\mimo_random10_20260604\uipolish_real\inputs\images\67_0.png,experiments\random10_bench_smoke\mimo_random10_20260604\uipolish_real\rendered_fixed\67.png,experiments\random10_bench_smoke\mimo_random10_20260604\uipolish_real\html\67.html
uipolish_real,22,repair_direct_incomplete,82.0,85.0,90.0,75.0,70.0,high,核心布局与内容还原良好，但关键图片资产缺失且多处样式细节（颜色、边框、背景）偏离参考设计，影响整体视觉一致性。,experiments\random10_bench_smoke\mimo_random10_20260604\uipolish_real\inputs\images\22_0.png,experiments\random10_bench_smoke\mimo_random10_20260604\uipolish_real\rendered_fixed\22.png,experiments\random10_bench_smoke\mimo_random10_20260604\uipolish_real\html\22.html
uipolish_real,68,repair_direct_incomplete,88.0,92.0,95.0,80.0,75.0,high,整体布局、内容和结构高度还原，但左侧导航背景色错误、顶部图标缺失及右侧部分样式细节偏差导致扣分。,experiments\random10_bench_smoke\mimo_random10_20260604\uipolish_real\inputs\images\68_0.png,experiments\random10_bench_smoke\mimo_random10_20260604\uipolish_real\rendered_fixed\68.png,experiments\random10_bench_smoke\mimo_random10_20260604\uipolish_real\html\68.html
uipolish_real,87,repair_direct_incomplete,68.0,85.0,92.0,55.0,30.0,high,产品图片被替换成无意义的色块占位符，导致核心视觉信息严重缺失，虽布局与文本基本正确但整体还原度大幅下降。,experiments\random10_bench_smoke\mimo_random10_20260604\uipolish_real\inputs\images\87_0.png,experiments\random10_bench_smoke\mimo_random10_20260604\uipolish_real\rendered_fixed\87.png,experiments\random10_bench_smoke\mimo_random10_20260604\uipolish_real\html\87.html
uipolish_real,23,repair_direct_incomplete,68.0,70.0,95.0,55.0,40.0,high,关键视觉资产（主图、节目缩略图、品牌logo）严重缺失或替换为纯色块，导致整体视觉密度与真实感大幅下降。,experiments\random10_bench_smoke\mimo_random10_20260604\uipolish_real\inputs\images\23_0.png,experiments\random10_bench_smoke\mimo_random10_20260604\uipolish_real\rendered_fixed\23.png,experiments\random10_bench_smoke\mimo_random10_20260604\uipolish_real\html\23.html
uipolish_real,92,repair_direct_incomplete,94.0,98.0,96.0,90.0,95.0,high,整体还原高度精准，仅存在极细微的文本换行与间距偏差，无关键组件缺失或错位。,experiments\random10_bench_smoke\mimo_random10_20260604\uipolish_real\inputs\images\92_0.png,experiments\random10_bench_smoke\mimo_random10_20260604\uipolish_real\rendered_fixed\92.png,experiments\random10_bench_smoke\mimo_random10_20260604\uipolish_real\html\92.html
uipolish_synthetic,14110,repair_direct_incomplete,78.0,95.0,90.0,65.0,40.0,high,核心问题在于所有商品图片被单色占位块替代，严重削弱视觉真实性与信息传达，但布局、文本和结构还原良好。,experiments\random10_bench_smoke\mimo_random10_20260604\uipolish_synthetic\inputs\images\14110_0.png,experiments\random10_bench_smoke\mimo_random10_20260604\uipolish_synthetic\rendered_fixed\14110.png,experiments\random10_bench_smoke\mimo_random10_20260604\uipolish_synthetic\html\14110.html
uipolish_synthetic,8210,repair_direct_incomplete,78.0,85.0,92.0,65.0,40.0,high,核心问题在于所有商品图片被错误替换为纯色渐变占位图，且数据图表配色失真，导致视觉还原度显著下降。,experiments\random10_bench_smoke\mimo_random10_20260604\uipolish_synthetic\inputs\images\8210_0.png,experiments\random10_bench_smoke\mimo_random10_20260604\uipolish_synthetic\rendered_fixed\8210.png,experiments\random10_bench_smoke\mimo_random10_20260604\uipolish_synthetic\html\8210.html
uipolish_synthetic,948,repair_direct_incomplete,86.0,90.0,92.0,80.0,75.0,high,整体布局与内容高度还原，但关键组件如编辑区卡片样式、学习趋势图表数据可视化及进度条配色存在明显偏差，影响专业感与一致性。,experiments\random10_bench_smoke\mimo_random10_20260604\uipolish_synthetic\inputs\images\948_0.png,experiments\random10_bench_smoke\mimo_random10_20260604\uipolish_synthetic\rendered_fixed\948.png,experiments\random10_bench_smoke\mimo_random10_20260604\uipolish_synthetic\html\948.html
uipolish_synthetic,7712,repair_direct_incomplete,94.0,98.0,96.0,92.0,100.0,high,整体还原度极高，仅存在细微的背景色、按钮圆角和文字颜色偏差，不影响功能与视觉一致性。,experiments\random10_bench_smoke\mimo_random10_20260604\uipolish_synthetic\inputs\images\7712_0.png,experiments\random10_bench_smoke\mimo_random10_20260604\uipolish_synthetic\rendered_fixed\7712.png,experiments\random10_bench_smoke\mimo_random10_20260604\uipolish_synthetic\html\7712.html
uipolish_synthetic,13826,repair_direct_incomplete,78.0,85.0,90.0,65.0,60.0,high,关键作品图片被纯色占位图替代，且存在标题文字错误与热门字图标样式偏差，导致视觉还原度显著下降。,experiments\random10_bench_smoke\mimo_random10_20260604\uipolish_synthetic\inputs\images\13826_0.png,experiments\random10_bench_smoke\mimo_random10_20260604\uipolish_synthetic\rendered_fixed\13826.png,experiments\random10_bench_smoke\mimo_random10_20260604\uipolish_synthetic\html\13826.html
uipolish_synthetic,13989,repair_direct_incomplete,78.0,90.0,95.0,65.0,40.0,high,核心视觉资产（主图与景点缩略图）严重失真或缺失，虽布局与文本内容还原良好，但整体视觉保真度大幅下降。,experiments\random10_bench_smoke\mimo_random10_20260604\uipolish_synthetic\inputs\images\13989_0.png,experiments\random10_bench_smoke\mimo_random10_20260604\uipolish_synthetic\rendered_fixed\13989.png,experiments\random10_bench_smoke\mimo_random10_20260604\uipolish_synthetic\html\13989.html
uipolish_synthetic,16973,repair_direct_incomplete,68.0,85.0,90.0,55.0,30.0,high,核心内容与布局基本还原，但关键图片资产全部缺失并用错误占位图替代，且侧边栏‘贴士’区块位置严重错位，导致整体视觉失真。,experiments\random10_bench_smoke\mimo_random10_20260604\uipolish_synthetic\inputs\images\16973_0.png,experiments\random10_bench_smoke\mimo_random10_20260604\uipolish_synthetic\rendered_fixed\16973.png,experiments\random10_bench_smoke\mimo_random10_20260604\uipolish_synthetic\html\16973.html
uipolish_synthetic,15746,repair_direct_incomplete,82.0,90.0,95.0,75.0,65.0,high,整体布局与文本内容高度还原，但关键资产（图片）被简化为图标，且统计模块的可视化样式与参考图存在明显偏差。,experiments\random10_bench_smoke\mimo_random10_20260604\uipolish_synthetic\inputs\images\15746_0.png,experiments\random10_bench_smoke\mimo_random10_20260604\uipolish_synthetic\rendered_fixed\15746.png,experiments\random10_bench_smoke\mimo_random10_20260604\uipolish_synthetic\html\15746.html
uipolish_synthetic,12802,repair_direct_incomplete,58.0,70.0,40.0,60.0,20.0,high,生成页面仅保留了布局骨架和部分结构元素，但所有主题卡片的图片、标题、描述及难度标签等核心内容均未还原，视觉上严重空洞。,experiments\random10_bench_smoke\mimo_random10_20260604\uipolish_synthetic\inputs\images\12802_0.png,experiments\random10_bench_smoke\mimo_random10_20260604\uipolish_synthetic\rendered_fixed\12802.png,experiments\random10_bench_smoke\mimo_random10_20260604\uipolish_synthetic\html\12802.html
uipolish_synthetic,10940,repair_direct_incomplete,82.0,90.0,95.0,70.0,65.0,high,核心布局与内容还原良好，但关键视觉元素如进度条渐变色、统计图表样式及交互链接位置存在明显偏差，影响整体一致性。,experiments\random10_bench_smoke\mimo_random10_20260604\uipolish_synthetic\inputs\images\10940_0.png,experiments\random10_bench_smoke\mimo_random10_20260604\uipolish_synthetic\rendered_fixed\10940.png,experiments\random10_bench_smoke\mimo_random10_20260604\uipolish_synthetic\html\10940.html
web2code,364,webpage_generation,92.0,95.0,100.0,90.0,85.0,high,整体还原度极高，仅存在细微间距、占位图尺寸及对齐偏差，无内容或结构错误。,experiments\random10_bench_smoke\mimo_random10_20260604\web2code\inputs\images\364_0.png,experiments\random10_bench_smoke\mimo_random10_20260604\web2code\rendered_fixed\364.png,experiments\random10_bench_smoke\mimo_random10_20260604\web2code\html\364.html
web2code,85,webpage_generation,95.0,98.0,100.0,92.0,90.0,high,整体结构、内容与排版高度一致，仅存在细微的样式与像素级间距差异，不影响视觉一致性。,experiments\random10_bench_smoke\mimo_random10_20260604\web2code\inputs\images\85_0.png,experiments\random10_bench_smoke\mimo_random10_20260604\web2code\rendered_fixed\85.png,experiments\random10_bench_smoke\mimo_random10_20260604\web2code\html\85.html
web2code,76,webpage_generation,94.0,98.0,100.0,92.0,90.0,high,整体还原度极高，仅在字体粗细、占位图尺寸和细微间距上存在可忽略的视觉偏差。,experiments\random10_bench_smoke\mimo_random10_20260604\web2code\inputs\images\76_0.png,experiments\random10_bench_smoke\mimo_random10_20260604\web2code\rendered_fixed\76.png,experiments\random10_bench_smoke\mimo_random10_20260604\web2code\html\76.html
web2code,1169,webpage_generation,96.0,100.0,100.0,95.0,100.0,high,整体视觉还原度极高，仅存在像素级的按钮对齐与文本行距细微偏差，无结构性或内容缺失。,experiments\random10_bench_smoke\mimo_random10_20260604\web2code\inputs\images\1169_0.png,experiments\random10_bench_smoke\mimo_random10_20260604\web2code\rendered_fixed\1169.png,experiments\random10_bench_smoke\mimo_random10_20260604\web2code\html\1169.html
web2code,835,webpage_generation,98.0,100.0,100.0,95.0,100.0,high,视觉还原度极高，仅存在可忽略的色彩与间距微小偏差，无结构或内容缺失。,experiments\random10_bench_smoke\mimo_random10_20260604\web2code\inputs\images\835_0.png,experiments\random10_bench_smoke\mimo_random10_20260604\web2code\rendered_fixed\835.png,experiments\random10_bench_smoke\mimo_random10_20260604\web2code\html\835.html
web2code,794,webpage_generation,88.0,92.0,100.0,85.0,100.0,high,搜索输入框背景色错误且按钮圆角、文字粗细等细节偏差导致视觉一致性未达完美,experiments\random10_bench_smoke\mimo_random10_20260604\web2code\inputs\images\794_0.png,experiments\random10_bench_smoke\mimo_random10_20260604\web2code\rendered_fixed\794.png,experiments\random10_bench_smoke\mimo_random10_20260604\web2code\html\794.html
web2code,317,webpage_generation,96.0,100.0,100.0,95.0,100.0,high,整体视觉高度一致，仅存在极细微的字体粗细与间距差异，不影响功能与可读性。,experiments\random10_bench_smoke\mimo_random10_20260604\web2code\inputs\images\317_0.png,experiments\random10_bench_smoke\mimo_random10_20260604\web2code\rendered_fixed\317.png,experiments\random10_bench_smoke\mimo_random10_20260604\web2code\html\317.html
web2code,914,webpage_generation,85.0,95.0,100.0,80.0,70.0,high,内容与布局高度还原，但图片缺失且被灰色块替代，影响整体视觉真实性。,experiments\random10_bench_smoke\mimo_random10_20260604\web2code\inputs\images\914_0.png,experiments\random10_bench_smoke\mimo_random10_20260604\web2code\rendered_fixed\914.png,experiments\random10_bench_smoke\mimo_random10_20260604\web2code\html\914.html
web2code,919,webpage_generation,98.0,100.0,100.0,95.0,100.0,high,整体视觉还原高度一致，仅存在极细微的字体字重差异，不影响可读性与结构完整性。,experiments\random10_bench_smoke\mimo_random10_20260604\web2code\inputs\images\919_0.png,experiments\random10_bench_smoke\mimo_random10_20260604\web2code\rendered_fixed\919.png,experiments\random10_bench_smoke\mimo_random10_20260604\web2code\html\919.html
web2code,521,webpage_generation,78.0,85.0,100.0,70.0,100.0,high,生成页面缺失顶部紫色渐变背景区域，且搜索框垂直位置偏高、未水平居中，导致整体视觉结构与参考图存在明显偏差。,experiments\random10_bench_smoke\mimo_random10_20260604\web2code\inputs\images\521_0.png,experiments\random10_bench_smoke\mimo_random10_20260604\web2code\rendered_fixed\521.png,experiments\random10_bench_smoke\mimo_random10_20260604\web2code\html\521.html
dcgen_original,26,static_generation,82.0,88.0,95.0,70.0,65.0,high,主标题颜色、导航背景色及关键图片占位符位置存在明显视觉偏差，影响品牌一致性与布局准确性。,experiments\random10_bench_smoke\mimo_random10_20260604\dcgen_original\inputs\images\26_0.png,experiments\random10_bench_smoke\mimo_random10_20260604\dcgen_original\rendered_fixed\26.png,experiments\random10_bench_smoke\mimo_random10_20260604\dcgen_original\html\26.html
dcgen_original,86,static_generation,88.0,92.0,95.0,80.0,85.0,high,整体布局与内容高度还原，但右侧图标配色、按钮样式及资产占位图存在可感知的视觉偏差。,experiments\random10_bench_smoke\mimo_random10_20260604\dcgen_original\inputs\images\86_0.png,experiments\random10_bench_smoke\mimo_random10_20260604\dcgen_original\rendered_fixed\86.png,experiments\random10_bench_smoke\mimo_random10_20260604\dcgen_original\html\86.html
dcgen_original,43,static_generation,78.0,85.0,90.0,70.0,65.0,high,核心布局与文本内容还原良好，但关键视觉资产（图片占位符、图标）缺失且语言切换样式错误，导致整体视觉一致性下降。,experiments\random10_bench_smoke\mimo_random10_20260604\dcgen_original\inputs\images\43_0.png,experiments\random10_bench_smoke\mimo_random10_20260604\dcgen_original\rendered_fixed\43.png,experiments\random10_bench_smoke\mimo_random10_20260604\dcgen_original\html\43.html
dcgen_original,11,static_generation,94.0,98.0,100.0,92.0,95.0,high,整体视觉高度一致，仅存在细微的按钮圆角、背景色深浅及间距等非关键样式差异。,experiments\random10_bench_smoke\mimo_random10_20260604\dcgen_original\inputs\images\11_0.png,experiments\random10_bench_smoke\mimo_random10_20260604\dcgen_original\rendered_fixed\11.png,experiments\random10_bench_smoke\mimo_random10_20260604\dcgen_original\html\11.html
dcgen_original,85,static_generation,86.0,90.0,95.0,80.0,70.0,high,关键图标语义错误（相机误为定位、天气图标缺失）及右上角图标样式不符，影响功能可识别性，但布局与文本内容高度一致。,experiments\random10_bench_smoke\mimo_random10_20260604\dcgen_original\inputs\images\85_0.png,experiments\random10_bench_smoke\mimo_random10_20260604\dcgen_original\rendered_fixed\85.png,experiments\random10_bench_smoke\mimo_random10_20260604\dcgen_original\html\85.html
dcgen_original,46,static_generation,94.0,96.0,98.0,92.0,85.0,high,整体还原度极高，仅因 Compliance 区域的两个图标缺失及页脚细节微调导致扣分。,experiments\random10_bench_smoke\mimo_random10_20260604\dcgen_original\inputs\images\46_0.png,experiments\random10_bench_smoke\mimo_random10_20260604\dcgen_original\rendered_fixed\46.png,experiments\random10_bench_smoke\mimo_random10_20260604\dcgen_original\html\46.html
dcgen_original,71,static_generation,92.0,95.0,98.0,88.0,85.0,high,整体结构与内容高度还原，主要扣分在于图片占位符视觉样式与参考图存在明显差异，以及少量细节样式偏差。,experiments\random10_bench_smoke\mimo_random10_20260604\dcgen_original\inputs\images\71_0.png,experiments\random10_bench_smoke\mimo_random10_20260604\dcgen_original\rendered_fixed\71.png,experiments\random10_bench_smoke\mimo_random10_20260604\dcgen_original\html\71.html
dcgen_original,79,static_generation,82.0,85.0,90.0,75.0,70.0,high,关键视觉元素如图标样式、促销文字颜色及导航栏结构缺失导致风格偏离，但整体布局与内容基本正确。,experiments\random10_bench_smoke\mimo_random10_20260604\dcgen_original\inputs\images\79_0.png,experiments\random10_bench_smoke\mimo_random10_20260604\dcgen_original\rendered_fixed\79.png,experiments\random10_bench_smoke\mimo_random10_20260604\dcgen_original\html\79.html
dcgen_original,5,static_generation,88.0,95.0,92.0,85.0,80.0,high,核心布局与内容高度还原，但分享图标视觉样式显著偏离参考图，影响品牌一致性。,experiments\random10_bench_smoke\mimo_random10_20260604\dcgen_original\inputs\images\5_0.png,experiments\random10_bench_smoke\mimo_random10_20260604\dcgen_original\rendered_fixed\5.png,experiments\random10_bench_smoke\mimo_random10_20260604\dcgen_original\html\5.html
dcgen_original,260,static_generation,78.0,82.0,90.0,70.0,65.0,high,核心布局与内容基本还原，但顶部导航、中部媒体组件及页脚结构存在明显样式与定位偏差，且Cookie横幅位置错误导致视觉干扰。,experiments\random10_bench_smoke\mimo_random10_20260604\dcgen_original\inputs\images\260_0.png,experiments\random10_bench_smoke\mimo_random10_20260604\dcgen_original\rendered_fixed\260.png,experiments\random10_bench_smoke\mimo_random10_20260604\dcgen_original\html\260.html
interaction2code,109_2,interaction_generation,78.0,85.0,90.0,65.0,60.0,high,布局与内容基本还原，但关键视觉资产（主题缩略图、图标）严重失真且样式细节（颜色、间距、字体）偏差明显。,experiments\random10_bench_smoke\mimo_random10_20260604\interaction2code\inputs\images\109_2_0.png;experiments\random10_bench_smoke\mimo_random10_20260604\interaction2code\inputs\images\109_2_1.png,experiments\random10_bench_smoke\mimo_random10_20260604\interaction2code\rendered_fixed\109_2.png,experiments\random10_bench_smoke\mimo_random10_20260604\interaction2code\html\109_2.html
interaction2code,109_1,interaction_generation,68.0,70.0,85.0,55.0,40.0,high,关键主图缺失并被占位图替代，整体布局结构虽大致保留但组件尺寸、对齐与视觉层级严重偏离参考设计。,experiments\random10_bench_smoke\mimo_random10_20260604\interaction2code\inputs\images\109_1_0.png;experiments\random10_bench_smoke\mimo_random10_20260604\interaction2code\inputs\images\109_1_1.png,experiments\random10_bench_smoke\mimo_random10_20260604\interaction2code\rendered_fixed\109_1.png,experiments\random10_bench_smoke\mimo_random10_20260604\interaction2code\html\109_1.html
interaction2code,105_3,interaction_generation,78.0,85.0,82.0,70.0,65.0,high,整体布局和内容结构还原良好，但关键视觉元素（图标颜色、头像、按钮样式）存在明显偏差，影响专业感与一致性。,experiments\random10_bench_smoke\mimo_random10_20260604\interaction2code\inputs\images\105_3_0.png;experiments\random10_bench_smoke\mimo_random10_20260604\interaction2code\inputs\images\105_3_1.png,experiments\random10_bench_smoke\mimo_random10_20260604\interaction2code\rendered_fixed\105_3.png,experiments\random10_bench_smoke\mimo_random10_20260604\interaction2code\html\105_3.html
interaction2code,120_4,interaction_generation,86.0,90.0,88.0,82.0,85.0,high,核心布局与内容高度还原，但品牌标志字体、logo 图形及导航细节存在可感知的视觉偏差。,experiments\random10_bench_smoke\mimo_random10_20260604\interaction2code\inputs\images\120_4_0.png;experiments\random10_bench_smoke\mimo_random10_20260604\interaction2code\inputs\images\120_4_1.png,experiments\random10_bench_smoke\mimo_random10_20260604\interaction2code\rendered_fixed\120_4.png,experiments\random10_bench_smoke\mimo_random10_20260604\interaction2code\html\120_4.html
interaction2code,103_4,interaction_generation,78.0,85.0,90.0,70.0,65.0,high,布局结构和内容基本还原，但顶部导航、标题对齐、卡片间距及关键视觉元素（logo、评分标签）样式存在明显偏差，影响整体一致性。,experiments\random10_bench_smoke\mimo_random10_20260604\interaction2code\inputs\images\103_4_0.png;experiments\random10_bench_smoke\mimo_random10_20260604\interaction2code\inputs\images\103_4_1.png,experiments\random10_bench_smoke\mimo_random10_20260604\interaction2code\rendered_fixed\103_4.png,experiments\random10_bench_smoke\mimo_random10_20260604\interaction2code\html\103_4.html
interaction2code,105_2,interaction_generation,78.0,85.0,82.0,70.0,65.0,high,整体布局与内容结构还原良好，但关键UI元素（导航栏样式、图标颜色/语义、字体细节）存在多处明显偏差，影响视觉一致性。,experiments\random10_bench_smoke\mimo_random10_20260604\interaction2code\inputs\images\105_2_0.png;experiments\random10_bench_smoke\mimo_random10_20260604\interaction2code\inputs\images\105_2_1.png,experiments\random10_bench_smoke\mimo_random10_20260604\interaction2code\rendered_fixed\105_2.png,experiments\random10_bench_smoke\mimo_random10_20260604\interaction2code\html\105_2.html
interaction2code,109_3,interaction_generation,78.0,85.0,90.0,70.0,65.0,high,整体布局和内容结构还原良好，但关键视觉资产（Logo、主图、图标）严重失真，且配色与细节样式存在明显偏差。,experiments\random10_bench_smoke\mimo_random10_20260604\interaction2code\inputs\images\109_3_0.png;experiments\random10_bench_smoke\mimo_random10_20260604\interaction2code\inputs\images\109_3_1.png,experiments\random10_bench_smoke\mimo_random10_20260604\interaction2code\rendered_fixed\109_3.png,experiments\random10_bench_smoke\mimo_random10_20260604\interaction2code\html\109_3.html
interaction2code,110_8,interaction_generation,78.0,85.0,90.0,65.0,80.0,high,整体结构和内容还原良好，但顶部导航布局错位且错误提前渲染了交互后的主题切换弹窗，导致视觉一致性下降。,experiments\random10_bench_smoke\mimo_random10_20260604\interaction2code\inputs\images\110_8_0.png;experiments\random10_bench_smoke\mimo_random10_20260604\interaction2code\inputs\images\110_8_1.png,experiments\random10_bench_smoke\mimo_random10_20260604\interaction2code\rendered_fixed\110_8.png,experiments\random10_bench_smoke\mimo_random10_20260604\interaction2code\html\110_8.html
interaction2code,111_3,interaction_generation,88.0,95.0,92.0,85.0,90.0,high,整体布局与内容高度还原，但‘Try it now’按钮样式错误（应为浅灰背景、无边框、深灰文字），导致视觉风格偏离。,experiments\random10_bench_smoke\mimo_random10_20260604\interaction2code\inputs\images\111_3_0.png;experiments\random10_bench_smoke\mimo_random10_20260604\interaction2code\inputs\images\111_3_1.png,experiments\random10_bench_smoke\mimo_random10_20260604\interaction2code\rendered_fixed\111_3.png,experiments\random10_bench_smoke\mimo_random10_20260604\interaction2code\html\111_3.html
interaction2code,110_3,interaction_generation,78.0,85.0,90.0,70.0,60.0,high,核心内容与布局基本还原，但关键的框架图标被替换成无关图标，且主标题排版存在明显错位，严重影响专业性与准确性。,experiments\random10_bench_smoke\mimo_random10_20260604\interaction2code\inputs\images\110_3_0.png;experiments\random10_bench_smoke\mimo_random10_20260604\interaction2code\inputs\images\110_3_1.png,experiments\random10_bench_smoke\mimo_random10_20260604\interaction2code\rendered_fixed\110_3.png,experiments\random10_bench_smoke\mimo_random10_20260604\interaction2code\html\110_3.html
designbench,generation_vanilla_46,image_to_html_generation,82.0,85.0,95.0,70.0,80.0,high,顶部导航栏和侧边栏背景色严重偏离参考设计，属关键视觉风格错误，但布局、文本与结构高度还原。,experiments\random10_bench_smoke\mimo_random10_20260604\designbench\inputs\images\generation_vanilla_46_0.png,experiments\random10_bench_smoke\mimo_random10_20260604\designbench\rendered_fixed\generation_vanilla_46.png,experiments\random10_bench_smoke\mimo_random10_20260604\designbench\html\generation_vanilla_46.html
designbench,generation_vanilla_15,image_to_html_generation,88.0,92.0,95.0,80.0,75.0,high,顶部视频占位图缺失且订阅图标被错误替换，导致关键视觉资产失真，但整体布局、文本与结构高度还原。,experiments\random10_bench_smoke\mimo_random10_20260604\designbench\inputs\images\generation_vanilla_15_0.png,experiments\random10_bench_smoke\mimo_random10_20260604\designbench\rendered_fixed\generation_vanilla_15.png,experiments\random10_bench_smoke\mimo_random10_20260604\designbench\html\generation_vanilla_15.html
designbench,generation_vanilla_102,image_to_html_generation,86.0,90.0,95.0,78.0,85.0,high,整体结构和内容高度还原，但评论提交按钮文字错误、订阅表单布局错位构成主要视觉偏差。,experiments\random10_bench_smoke\mimo_random10_20260604\designbench\inputs\images\generation_vanilla_102_0.png,experiments\random10_bench_smoke\mimo_random10_20260604\designbench\rendered_fixed\generation_vanilla_102.png,experiments\random10_bench_smoke\mimo_random10_20260604\designbench\html\generation_vanilla_102.html
designbench,generation_vanilla_27,image_to_html_generation,88.0,92.0,95.0,80.0,75.0,high,整体结构与内容高度还原，但顶部背景错误、底部多出按钮且灰色块内容缺失，导致样式与资产层面扣分明显。,experiments\random10_bench_smoke\mimo_random10_20260604\designbench\inputs\images\generation_vanilla_27_0.png,experiments\random10_bench_smoke\mimo_random10_20260604\designbench\rendered_fixed\generation_vanilla_27.png,experiments\random10_bench_smoke\mimo_random10_20260604\designbench\html\generation_vanilla_27.html
designbench,generation_vanilla_10,image_to_html_generation,95.0,100.0,100.0,90.0,100.0,high,整体布局、内容与占位完全一致，仅存在细微字体粗细与分隔线清晰度差异，属高保真还原。,experiments\random10_bench_smoke\mimo_random10_20260604\designbench\inputs\images\generation_vanilla_10_0.png,experiments\random10_bench_smoke\mimo_random10_20260604\designbench\rendered_fixed\generation_vanilla_10.png,experiments\random10_bench_smoke\mimo_random10_20260604\designbench\html\generation_vanilla_10.html
designbench,generation_vanilla_85,image_to_html_generation,86.0,90.0,95.0,78.0,70.0,high,整体结构与内容高度还原，但关键样式如标题下划线、导航与搜索栏颜色及位置存在明显偏差，影响视觉一致性。,experiments\random10_bench_smoke\mimo_random10_20260604\designbench\inputs\images\generation_vanilla_85_0.png,experiments\random10_bench_smoke\mimo_random10_20260604\designbench\rendered_fixed\generation_vanilla_85.png,experiments\random10_bench_smoke\mimo_random10_20260604\designbench\html\generation_vanilla_85.html
designbench,generation_vanilla_26,image_to_html_generation,94.0,98.0,100.0,92.0,100.0,high,整体布局、内容与结构高度一致，仅存在细微字体粗细与边框灰度差异，不影响视觉一致性。,experiments\random10_bench_smoke\mimo_random10_20260604\designbench\inputs\images\generation_vanilla_26_0.png,experiments\random10_bench_smoke\mimo_random10_20260604\designbench\rendered_fixed\generation_vanilla_26.png,experiments\random10_bench_smoke\mimo_random10_20260604\designbench\html\generation_vanilla_26.html
designbench,generation_vanilla_93,image_to_html_generation,86.0,90.0,95.0,78.0,85.0,high,整体结构与内容高度还原，但导航按钮颜色错误、左侧区块缺失LOGO文本，且局部样式（如搜索框、链接色）存在可感知偏差。,experiments\random10_bench_smoke\mimo_random10_20260604\designbench\inputs\images\generation_vanilla_93_0.png,experiments\random10_bench_smoke\mimo_random10_20260604\designbench\rendered_fixed\generation_vanilla_93.png,experiments\random10_bench_smoke\mimo_random10_20260604\designbench\html\generation_vanilla_93.html
designbench,generation_vanilla_48,image_to_html_generation,94.0,96.0,100.0,92.0,100.0,high,整体还原度极高，仅存在细微样式差异（如粗体缺失、边框多余、行高/字号微调），无内容或布局错误。,experiments\random10_bench_smoke\mimo_random10_20260604\designbench\inputs\images\generation_vanilla_48_0.png,experiments\random10_bench_smoke\mimo_random10_20260604\designbench\rendered_fixed\generation_vanilla_48.png,experiments\random10_bench_smoke\mimo_random10_20260604\designbench\html\generation_vanilla_48.html
designbench,generation_vanilla_74,image_to_html_generation,82.0,85.0,90.0,75.0,70.0,high,整体结构与内容高度还原，但关键视觉元素如顶部日期块背景色、右上角按钮及底部导航栏样式存在明显偏差，影响品牌一致性。,experiments\random10_bench_smoke\mimo_random10_20260604\designbench\inputs\images\generation_vanilla_74_0.png,experiments\random10_bench_smoke\mimo_random10_20260604\designbench\rendered_fixed\generation_vanilla_74.png,experiments\random10_bench_smoke\mimo_random10_20260604\designbench\html\generation_vanilla_74.html
screencoder_screenbench,2_Praful1100E,screenshot_to_html,68.0,75.0,92.0,55.0,40.0,high,页面结构和文本内容高度还原，但整体采用错误的深色主题，关键视觉资产（头像、横幅、技术图标）严重失真，导致视觉一致性大幅下降。,experiments\random10_bench_smoke\mimo_random10_20260604\screencoder_screenbench\inputs\images\2_Praful1100E_0.png,experiments\random10_bench_smoke\mimo_random10_20260604\screencoder_screenbench\rendered_fixed\2_Praful1100E.png,experiments\random10_bench_smoke\mimo_random10_20260604\screencoder_screenbench\html\2_Praful1100E.html
screencoder_screenbench,2_CyberMonitor,screenshot_to_html,86.0,92.0,95.0,78.0,80.0,high,整体布局与内容高度还原，但关键交互元素（Follow按钮）颜色错误且成就图标样式不符，属明显视觉偏差。,experiments\random10_bench_smoke\mimo_random10_20260604\screencoder_screenbench\inputs\images\2_CyberMonitor_0.png,experiments\random10_bench_smoke\mimo_random10_20260604\screencoder_screenbench\rendered_fixed\2_CyberMonitor.png,experiments\random10_bench_smoke\mimo_random10_20260604\screencoder_screenbench\html\2_CyberMonitor.html
screencoder_screenbench,1_How_to_fold_a_shirt,screenshot_to_html,86.0,90.0,88.0,82.0,80.0,high,整体布局与内容高度还原，但关键视觉元素如缩略图缺失、热搜编号样式错误及部分间距对齐偏差导致扣分。,experiments\random10_bench_smoke\mimo_random10_20260604\screencoder_screenbench\inputs\images\1_How_to_fold_a_shirt_0.png,experiments\random10_bench_smoke\mimo_random10_20260604\screencoder_screenbench\rendered_fixed\1_How_to_fold_a_shirt.png,experiments\random10_bench_smoke\mimo_random10_20260604\screencoder_screenbench\html\1_How_to_fold_a_shirt.html
screencoder_screenbench,2_feross,screenshot_to_html,68.0,75.0,85.0,45.0,50.0,high,核心视觉风格严重偏离：错误采用深色主题而非参考图的浅色模式，且关键资产（头像、赞助商图标）被占位符替代。,experiments\random10_bench_smoke\mimo_random10_20260604\screencoder_screenbench\inputs\images\2_feross_0.png,experiments\random10_bench_smoke\mimo_random10_20260604\screencoder_screenbench\rendered_fixed\2_feross.png,experiments\random10_bench_smoke\mimo_random10_20260604\screencoder_screenbench\html\2_feross.html
screencoder_screenbench,3_backpacking,screenshot_to_html,68.0,75.0,85.0,50.0,30.0,high,核心问题在于所有视频缩略图被替换成纯色占位块，严重破坏视觉还原度，且导航栏图标与配色失真。,experiments\random10_bench_smoke\mimo_random10_20260604\screencoder_screenbench\inputs\images\3_backpacking_0.png,experiments\random10_bench_smoke\mimo_random10_20260604\screencoder_screenbench\rendered_fixed\3_backpacking.png,experiments\random10_bench_smoke\mimo_random10_20260604\screencoder_screenbench\html\3_backpacking.html
screencoder_screenbench,2_tannerlinsley,screenshot_to_html,78.0,85.0,92.0,65.0,50.0,high,核心布局与文本内容高度还原，但关键视觉资产（头像、赞助商 logo）严重失真，且图标颜色与样式存在系统性偏差。,experiments\random10_bench_smoke\mimo_random10_20260604\screencoder_screenbench\inputs\images\2_tannerlinsley_0.png,experiments\random10_bench_smoke\mimo_random10_20260604\screencoder_screenbench\rendered_fixed\2_tannerlinsley.png,experiments\random10_bench_smoke\mimo_random10_20260604\screencoder_screenbench\html\2_tannerlinsley.html
screencoder_screenbench,1_game,screenshot_to_html,86.0,90.0,92.0,80.0,75.0,high,整体结构与内容高度还原，但关键视觉元素如进度条配色、星级图标、视频卡片背景存在明显样式偏差。,experiments\random10_bench_smoke\mimo_random10_20260604\screencoder_screenbench\inputs\images\1_game_0.png,experiments\random10_bench_smoke\mimo_random10_20260604\screencoder_screenbench\rendered_fixed\1_game.png,experiments\random10_bench_smoke\mimo_random10_20260604\screencoder_screenbench\html\1_game.html
screencoder_screenbench,4_Computer_vision_projects,screenshot_to_html,96.0,100.0,98.0,95.0,90.0,high,整体视觉还原度极高，仅存在极细微的间距、字距与圆角差异，不影响功能与可读性。,experiments\random10_bench_smoke\mimo_random10_20260604\screencoder_screenbench\inputs\images\4_Computer_vision_projects_0.png,experiments\random10_bench_smoke\mimo_random10_20260604\screencoder_screenbench\rendered_fixed\4_Computer_vision_projects.png,experiments\random10_bench_smoke\mimo_random10_20260604\screencoder_screenbench\html\4_Computer_vision_projects.html
screencoder_screenbench,2_CzBiX,screenshot_to_html,82.0,90.0,95.0,70.0,65.0,high,关键视觉资产（头像、成就图标）被错误替换为通用占位符，且按钮样式与背景对比度不足，导致品牌识别度显著下降。,experiments\random10_bench_smoke\mimo_random10_20260604\screencoder_screenbench\inputs\images\2_CzBiX_0.png,experiments\random10_bench_smoke\mimo_random10_20260604\screencoder_screenbench\rendered_fixed\2_CzBiX.png,experiments\random10_bench_smoke\mimo_random10_20260604\screencoder_screenbench\html\2_CzBiX.html
screencoder_screenbench,1_nba_scores,screenshot_to_html,82.0,85.0,90.0,75.0,60.0,high,核心内容与布局高度还原，但关键图片资产完全缺失并以纯色块替代，导致视觉完整性严重受损。,experiments\random10_bench_smoke\mimo_random10_20260604\screencoder_screenbench\inputs\images\1_nba_scores_0.png,experiments\random10_bench_smoke\mimo_random10_20260604\screencoder_screenbench\rendered_fixed\1_nba_scores.png,experiments\random10_bench_smoke\mimo_random10_20260604\screencoder_screenbench\html\1_nba_scores.html
vision2web,splunk,level1_static_webpage,86.0,90.0,92.0,80.0,75.0,high,整体结构与内容高度还原，但右侧边栏布局、标签排版及代码块样式存在可感知的视觉偏差。,experiments\random10_bench_smoke\mimo_random10_20260604\vision2web\inputs\images\splunk_0.jpg;experiments\random10_bench_smoke\mimo_random10_20260604\vision2web\inputs\images\splunk_1.jpg;experiments\random10_bench_smoke\mimo_random10_20260604\vision2web\inputs\images\splunk_2.jpg,experiments\random10_bench_smoke\mimo_random10_20260604\vision2web\rendered_fixed\splunk.png,experiments\random10_bench_smoke\mimo_random10_20260604\vision2web\html\splunk.html
vision2web,humankinetics,level1_static_webpage,78.0,82.0,85.0,70.0,65.0,high,核心布局与内容基本还原，但顶部促销横幅、轮播图样式、图书卡片细节及品牌配色存在明显偏差，影响整体专业感。,experiments\random10_bench_smoke\mimo_random10_20260604\vision2web\inputs\images\humankinetics_0.jpg;experiments\random10_bench_smoke\mimo_random10_20260604\vision2web\inputs\images\humankinetics_1.jpg;experiments\random10_bench_smoke\mimo_random10_20260604\vision2web\inputs\images\humankinetics_2.jpg,experiments\random10_bench_smoke\mimo_random10_20260604\vision2web\rendered_fixed\humankinetics.png,experiments\random10_bench_smoke\mimo_random10_20260604\vision2web\html\humankinetics.html
vision2web,eventgroove,level1_static_webpage,78.0,85.0,92.0,65.0,60.0,high,核心内容与布局还原良好，但关键视觉资产（票样图片、导航样式、页脚徽章）严重失真，导致整体风格偏离原设计。,experiments\random10_bench_smoke\mimo_random10_20260604\vision2web\inputs\images\eventgroove_0.jpg;experiments\random10_bench_smoke\mimo_random10_20260604\vision2web\inputs\images\eventgroove_1.jpg;experiments\random10_bench_smoke\mimo_random10_20260604\vision2web\inputs\images\eventgroove_2.jpg,experiments\random10_bench_smoke\mimo_random10_20260604\vision2web\rendered_fixed\eventgroove.png,experiments\random10_bench_smoke\mimo_random10_20260604\vision2web\html\eventgroove.html
vision2web,ebay,level1_static_webpage,68.0,75.0,82.0,55.0,40.0,high,核心问题在于商品图片全部被简化为纯色方块，导致视觉信息严重丢失；同时顶部导航与关键组件样式偏离eBay设计规范。,experiments\random10_bench_smoke\mimo_random10_20260604\vision2web\inputs\images\ebay_0.jpg;experiments\random10_bench_smoke\mimo_random10_20260604\vision2web\inputs\images\ebay_1.jpg;experiments\random10_bench_smoke\mimo_random10_20260604\vision2web\inputs\images\ebay_2.jpg,experiments\random10_bench_smoke\mimo_random10_20260604\vision2web\rendered_fixed\ebay.png,experiments\random10_bench_smoke\mimo_random10_20260604\vision2web\html\ebay.html
vision2web,klamath,level1_static_webpage,88.0,92.0,95.0,85.0,80.0,high,整体结构、内容与排版高度还原，主要扣分点在于页脚社交图标替换为非标准图标及右侧导航栏颜色偏差。,experiments\random10_bench_smoke\mimo_random10_20260604\vision2web\inputs\images\klamath_0.jpg;experiments\random10_bench_smoke\mimo_random10_20260604\vision2web\inputs\images\klamath_1.jpg;experiments\random10_bench_smoke\mimo_random10_20260604\vision2web\inputs\images\klamath_2.jpg,experiments\random10_bench_smoke\mimo_random10_20260604\vision2web\rendered_fixed\klamath.png,experiments\random10_bench_smoke\mimo_random10_20260604\vision2web\html\klamath.html
vision2web,eventbrite,level1_static_webpage,86.0,92.0,90.0,78.0,75.0,high,整体布局与内容结构高度还原，但关键视觉资产（事件图片）被简化为纯色块，且多处字体颜色、标签样式与参考图存在明显偏差。,experiments\random10_bench_smoke\mimo_random10_20260604\vision2web\inputs\images\eventbrite_0.jpg;experiments\random10_bench_smoke\mimo_random10_20260604\vision2web\inputs\images\eventbrite_1.jpg;experiments\random10_bench_smoke\mimo_random10_20260604\vision2web\inputs\images\eventbrite_2.jpg,experiments\random10_bench_smoke\mimo_random10_20260604\vision2web\rendered_fixed\eventbrite.png,experiments\random10_bench_smoke\mimo_random10_20260604\vision2web\html\eventbrite.html
vision2web,pagerduty,level1_static_webpage,86.0,92.0,95.0,78.0,80.0,high,整体布局与内容高度还原，但导航栏图标缺失、资源区色块饱和度不足及页脚细节偏差导致视觉一致性未达完美。,experiments\random10_bench_smoke\mimo_random10_20260604\vision2web\inputs\images\pagerduty_0.jpg;experiments\random10_bench_smoke\mimo_random10_20260604\vision2web\inputs\images\pagerduty_1.jpg;experiments\random10_bench_smoke\mimo_random10_20260604\vision2web\inputs\images\pagerduty_2.jpg,experiments\random10_bench_smoke\mimo_random10_20260604\vision2web\rendered_fixed\pagerduty.png,experiments\random10_bench_smoke\mimo_random10_20260604\vision2web\html\pagerduty.html
vision2web,nxp,level1_static_webpage,86.0,90.0,92.0,78.0,85.0,high,整体布局、内容和结构高度还原，但关键交互按钮（REPLY/POST REPLY）颜色与参考图明显不符，属显著视觉偏差。,experiments\random10_bench_smoke\mimo_random10_20260604\vision2web\inputs\images\nxp_0.jpg;experiments\random10_bench_smoke\mimo_random10_20260604\vision2web\inputs\images\nxp_1.jpg;experiments\random10_bench_smoke\mimo_random10_20260604\vision2web\inputs\images\nxp_2.jpg,experiments\random10_bench_smoke\mimo_random10_20260604\vision2web\rendered_fixed\nxp.png,experiments\random10_bench_smoke\mimo_random10_20260604\vision2web\html\nxp.html
vision2web,rottentomatoes,level1_static_webpage,78.0,82.0,95.0,65.0,70.0,high,整体结构与内容准确，但关键视觉元素如导航栏配色、图片占位、图标样式及字体严重偏离参考设计，导致品牌识别度下降。,experiments\random10_bench_smoke\mimo_random10_20260604\vision2web\inputs\images\rottentomatoes_0.jpg;experiments\random10_bench_smoke\mimo_random10_20260604\vision2web\inputs\images\rottentomatoes_1.jpg;experiments\random10_bench_smoke\mimo_random10_20260604\vision2web\inputs\images\rottentomatoes_2.jpg,experiments\random10_bench_smoke\mimo_random10_20260604\vision2web\rendered_fixed\rottentomatoes.png,experiments\random10_bench_smoke\mimo_random10_20260604\vision2web\html\rottentomatoes.html
vision2web,visitseoul,level1_static_webpage,68.0,75.0,80.0,55.0,40.0,high,关键视觉资产（所有图片/地图）被占位符替代，且导航与Cookie弹窗布局偏差显著，导致整体还原度大幅下降。,experiments\random10_bench_smoke\mimo_random10_20260604\vision2web\inputs\images\visitseoul_0.jpg;experiments\random10_bench_smoke\mimo_random10_20260604\vision2web\inputs\images\visitseoul_1.jpg;experiments\random10_bench_smoke\mimo_random10_20260604\vision2web\inputs\images\visitseoul_2.jpg,experiments\random10_bench_smoke\mimo_random10_20260604\vision2web\rendered_fixed\visitseoul.png,experiments\random10_bench_smoke\mimo_random10_20260604\vision2web\html\visitseoul.html
